{
  "name": "angular-ui-router",
  "version": "0.2.14",
  "main": "./release/angular-ui-router.js",
  "dependencies": {
    "angular": ">= 1.0.8"
  },
  "ignore": [
    "**/.*",
    "node_modules",
    "bower_components",
    "component.json",
    "package.json",
    "lib",
    "config",
    "sample",
    "test",
    "tests",
    "ngdoc_assets",
    "Gruntfile.js",
    "files.js"
  ],
  "homepage": "https://github.com/angular-ui/ui-router",
  "_release": "0.2.14",
  "_resolution": {
    "type": "version",
    "tag": "0.2.14",
    "commit": "da63b27b7bbd13d2633b68fa74606f977e6d4147"
  },
  "_source": "git://github.com/angular-ui/ui-router.git",
  "_target": "~0.2.14",
  "_originalSource": "angular-ui-router",
  "_direct": true
}